"timestamp","sample_id","prediction","model_version","shap_summary"
"2025-04-29 13:44:32","Sample_1","Dysbiotic-like","current",""
"2025-04-29 13:44:32","Sample_2","Dysbiotic-like","current",""
"2025-04-29 13:44:32","Sample_3","Dysbiotic-like","current",""
"2025-04-29 13:44:32","Sample_4","Dysbiotic-like","current",""
"2025-04-29 13:44:32","Sample_5","Dysbiotic-like","current",""
"2025-04-29 13:44:32","Sample_6","Dysbiotic-like","current",""
"2025-04-29 13:44:32","Sample_7","Dysbiotic-like","current",""
"2025-04-29 13:44:32","Sample_8","Dysbiotic-like","current",""
"2025-04-29 13:44:32","Sample_9","Dysbiotic-like","current",""
"2025-04-29 13:44:32","Sample_10","Dysbiotic-like","current",""
